ID,Judul Lomba,Penyelenggara,Lokasi,Sasaran,Biaya,Deadline,Jurusan (Auto),Confidence,Status Review,Link Pendaftaran,Link Panduan,URL Sumber,Deskripsi Singkat,Tanggal Scrape
infolomba_2141,Lomba Menulis,Global Youth Action,Online,"SMP / Sederajat, SMA / Sederajat, Gapyear, Mahasiswa, Umum",Start from Rp 39.000 (11 Sep - 11 Okt 2026)Start from Rp 49.000 (12 Okt - 15 Nov 2026)Start from Rp 59.000 (16 - 28 Nov 2026),2026-11-28,Umum / Belum Terpetakan,0.3,MANUAL_CHECK,https://globalyouthaction.com/competitions/lomba-menulis-cerita-2,https://drive.google.com/file/d/1NQqlGfdK_wbw0jzqkVyc98ugUn3-1YXW/view?usp=drivesdk,https://infolomba.id/info-lomba-menulis-2141,LOMBA MENULIS CERITA BERTEMA “MERANGKAI HARI ESOK”,2026-10-03 01:00
2128,Business Plan Competition — INSYS FEST 2026,Hima Sistem Informasi Universitas Muria Kudus,Online,"SMA / Sederajat, Mahasiswa",Start from Rp 75.000 (1 Agu - 20 Sep 2026),2026-09-20,"Manajemen Bisnis, Sistem Informasi",0.83,PERLU_REVIEW,https://bit.ly/RegistrasiBPCINSYS,https://bit.ly/GuidebookBPCINSYS,https://infolomba.id/info-business-plan-competition-%E2%80%94-insys-fest-2026-2128,BUSINESS PLAN COMPETITION — INSYS FEST 2026,2026-09-19 22:40
2125,TAX LENS COMPETITION,Tax Center Universitas Panca Marga,Online,"SMP / Sederajat, SMA / Sederajat, Mahasiswa",Start from Rp 35.000 (25 Agu - 20 Sep 2026),2026-09-20,Akuntansi,0.75,PERLU_REVIEW,https://linktr.ee/taxcenterupm,https://linktr.ee/taxcenterupm,https://infolomba.id/info-tax-lens-competition-2125,YOUR STORY. YOUR LENS. YOUR IMPACT,2026-09-19 22:40
2124,Unnes Islamic Fair and Al-Aqsha Awareness Week 2026,UKKI UNNES,Online,Mahasiswa,Start from Rp 40.000 (8 - 25 Sep 2026),2026-09-25,Umum / Belum Terpetakan,0.3,MANUAL_CHECK,https://linktr.ee/unifawcompetition2026,https://drive.google.com/file/d/1KcmcOVoXqYdy_MIU0KYqSvukoc9Jkyd7/view?usp=sharing,https://infolomba.id/info-unnes-islamic-fair-and-alaqsha-awareness-week-2026-2124,[ UNIFAW 2026 GELOMBANG 2 RESMI DIBUKA! ],2026-09-19 22:40
2122,Investment Festival 2026,KSEP ITB,Online & Offline (Nasional),Mahasiswa,Start from Rp 180.000 (10 - 30 Sep 2026),2026-09-30,Umum / Belum Terpetakan,0.3,MANUAL_CHECK,https://infest.ksepitb.com,https://q.me-qr.com/f9gf71g6,https://infolomba.id/info-investment-festival-2026-2122,[EXTENDED] INFEST 2026 BCC & ERC by KSEP ITB is NOW OPEN for Registration!,2026-09-19 22:40
2113,Festival Talenta Pendidikan Unesa,Fakultas Ilmu Pendidikan UNESA,Online,Mahasiswa,Start from Rp 40.000 (17 Agu - 21 Sep 2026),2026-09-21,Umum / Belum Terpetakan,0.3,MANUAL_CHECK,https://docs.google.com/forms/d/e/1FAIpQLSd7IVafcxdCpeShfNOwKEyM6b8IBQDNcUFmnRQn9fJB0lbe1Q/viewform,https://drive.google.com/drive/folders/17nwMAMX-0DJ6cmn3t2gGi_rlg6iYNoyY,https://infolomba.id/info-festival-talenta-pendidikan-unesa-2113,FESTIVAL TALENTA PENDIDIKAN INDONESIA 2026,2026-09-19 22:40
2105,Geophysics Whiz Event and Seminar (GWES) ke-12,Hima Teknik Geofisika UNILA,Online & Offline (Nasional),"SMA / Sederajat, Mahasiswa",Start from Rp 35.000 (25 Jun - 10 Okt 2026),2026-10-10,Umum / Belum Terpetakan,0.3,MANUAL_CHECK,https://bit.ly/GUIDEBOOKGWES2026,https://bit.ly/GUIDEBOOKGWES2026,https://infolomba.id/info-geophysics-whiz-event-and-seminar-gwes-ke12-2105,[OPEN REGISTRATION | GWES 2026],2026-09-19 22:40
2095,ICAIS 2026,OREGON Academy,Online & Offline (Nasional),"SMA / Sederajat, Mahasiswa",Start from Rp 325.000 (20 Jul - 20 Sep 2026) Start from Rp 360.000 (21 Sep - 11 Okt 2026),2026-10-11,Umum / Belum Terpetakan,0.3,MANUAL_CHECK,https://bit.ly/RegistrationICAIS,https://drive.google.com/file/d/1IZqJOkRQLcQEBogpbSgdikz4aB2cLLFd/view?usp=drive_link,https://infolomba.id/info-icais-2026-2095,Suaramu Punya Arti. Idemu Bisa Membawa Perubahan.,2026-09-19 22:40
2093,Indonesia Tax Olympiade 2026,Perbanas Institute,Online & Offline (Nasional),"SMA / Sederajat, Gapyear, Mahasiswa",Start from Rp 20.000 (15 Agu - 12 Sep 2026) Start from Rp 25.000 (13 - 30 Sep 2026) Start from Rp 30.000 (1 - 17 Okt 2026) Start from Rp 35.000 (18 - 31 Okt 2026),2026-10-31,Akuntansi,0.75,PERLU_REVIEW,https://linktr.ee/indonesiataxolympiad,https://linktr.ee/indonesiataxolympiad,https://infolomba.id/info-indonesia-tax-olympiade-2026-2093,OPEN REGISTRATION: INDONESIA TAX OLYMPIADE 2026,2026-09-19 22:40
2085,Seatrans Festival (TRANSFEST),Teknik Transportasi Laut ITS,Online & Offline (Nasional),"SMA / Sederajat, Mahasiswa",Start from Rp 35.000 (7 Agu - 22 Sep 2026),2026-09-22,Umum / Belum Terpetakan,0.3,MANUAL_CHECK,https://www.instagram.com/transfest.its,https://www.instagram.com/transfest.its,https://infolomba.id/info-seatrans-festival-transfest-2085,ARE YOU READY TO SHAPE THE FUTURE OF MARITIME?,2026-09-19 22:40
2083,Sultan Agung Law Fair,FH Universitas Islam Sultan Agung Semarang,Online & Offline (Nasional),"SMA / Sederajat, Mahasiswa",Start from Rp 50.000 (21 Agu - 5 Sep 2026) Start from Rp 70.000 (6 - 15 Sep 2026) Start from Rp 100.000 (1 - 20 Sep 2026) Start from Rp 130.000 (21 Sep - 10 Okt 2026),2026-10-10,Ilmu Hukum,0.67,PERLU_REVIEW,https://linktr.ee/slfnasional,https://linktr.ee/slfnasional,https://infolomba.id/info-sultan-agung-law-fair-2083,OPEN REGISTRATION *SULTAN AGUNG LAW FAIR NASIONAL 2026*,2026-09-19 22:40
